<?xml version="1.0" encoding="UTF-8" standalone="no"?>
<window xmlns="http://schemas.haulmont.com/cuba/screen/window.xsd"
        caption="msg://productEdit.caption"
        focusComponent="form"
        messagesPack="com.company.eshop.web.screens.product">
    <data>
        <instance id="productDc"
                  class="com.company.eshop.entity.Product">
            <view extends="_local"/>
            <loader/>
        </instance>
    </data>
    <dialogMode height="600"
                width="800"/>
    <layout expand="editActions" spacing="true">
        <form id="form" dataContainer="productDc">
            <column width="350px">
                <textField id="nameField" property="name"/>
                <textField id="priceField" property="price"/>
            </column>
        </form>
        <hbox id="editActions" spacing="true">
            <button action="windowCommitAndClose"/>
            <button action="windowClose"/>
        </hbox>
    </layout>
</window>
