<?xml version="1.0" encoding="UTF-8" standalone="no"?>
<window xmlns="http://schemas.haulmont.com/cuba/screen/window.xsd"
        caption="msg://customerEdit.caption"
        focusComponent="form"
        messagesPack="com.company.eshop.web.screens.customer">
    <data>
        <instance id="customerDc"
                  class="com.company.eshop.entity.Customer">
            <view extends="_local"/>
            <loader/>
        </instance>
    </data>
    <dialogMode height="600"
                width="800"/>
    <layout expand="editActions" spacing="true">
        <form id="form" dataContainer="customerDc">
            <column width="350px">
                <textField id="nameField" property="name"/>
                <textField id="firstNameField" property="firstName"/>
                <textField id="secondNameField" property="secondName"/>
                <textField id="telephoneField" property="telephone"/>
                <textField id="emailField" property="email"/>
            </column>
        </form>
        <hbox id="editActions" spacing="true">
            <button action="windowCommitAndClose"/>
            <button action="windowClose"/>
        </hbox>
    </layout>
</window>
